"id","timestamp","body","recipient_id","user_id","sid"
130,"2021-06-09 09:50:51.22156+00","Hi wollte nochmal testen, ob alles klapptğŸ‘€",13,14,0
131,"2021-06-09 09:51:03.075612+00","Beginne Szenario 1",13,14,1
132,"2021-06-09 09:51:15.393023+00","hab auch grad redeployedğŸ˜‚",14,13,1
133,"2021-06-09 09:51:28.664553+00","Oh cool ğŸ¥°ğŸ¥°",13,14,1
134,"2021-06-09 09:51:57.829324+00","Sieht alles super aus! Auch cool jetzt mit der Gruppe. Da kÃ¶nnen sie sich schnell anmelden!ğŸ˜‚",13,14,1
135,"2021-06-09 09:52:16.222078+00","Hast du das Bild geÃ¤nder auf der Startseite? ğŸ‘€",13,14,1
136,"2021-06-09 09:52:31.601687+00","Ich habe dein Logo auch verwendet ğŸ¥°",14,13,1
137,"2021-06-09 09:52:53.304362+00","Sehr cool! Danke! ğŸ¥°",13,14,1
138,"2021-06-09 09:52:58.809351+00","weil es super cool aus siehtğŸ¥°",14,13,1
139,"2021-06-09 09:53:09.096465+00","Hab ich aber nur geklaut ğŸ˜²",13,14,1
140,"2021-06-09 09:53:37.992061+00","Aber es hat einfach gut gepasst ğŸ‘€",13,14,1
141,"2021-06-09 09:53:40.887244+00","ich habe immer vergessen, emoji hinzufÃ¼genğŸ‘€",14,13,1
142,"2021-06-09 09:53:51.779903+00","haha ich auchğŸ˜‚",13,14,1
143,"2021-06-09 09:54:03.640881+00","oder emoji zu hinzufÃ¼gen ?ğŸ˜¢",14,13,1
144,"2021-06-09 09:54:27.278726+00","welche ist grammatisch korrekt?ğŸ‘€",14,13,1
145,"2021-06-09 09:54:39.422303+00","Der andere Daniel hat auch nochmal die Label-Emojis geupdated.ğŸ¥°",13,14,1
146,"2021-06-09 09:55:01.054346+00","Ich habe immer vergesse, die Emojis hinzuzufÃ¼gen ğŸ‘€",13,14,1
147,"2021-06-09 09:55:12.754529+00","Deutsch ist komischğŸ˜±",13,14,1
148,"2021-06-09 09:55:26.360634+00","hinzuzufÃ¼genğŸ¤¢",14,13,1
149,"2021-06-09 09:55:36.31445+00","Du tust mir leid, dass du Deutsch Lernen musstğŸ˜¢",13,14,1
150,"2021-06-09 09:55:48.403177+00","hahah ja ...hinzuzufÃ¼genğŸ˜‚ğŸ¤¢",13,14,1
151,"2021-06-09 09:56:03.932093+00","ah ich verstehe warum diese Chat ist bisschen komischğŸ‘€",14,13,1
152,"2021-06-09 09:56:17.285444+00","Was meinst du?ğŸ‘€",13,14,1
153,"2021-06-09 09:56:40.266946+00","wir haben kein ""bla bla is typing""ğŸ˜²",14,13,1
154,"2021-06-09 09:57:03.596459+00","Ja stimmt. Da weiÃŸ man nicht ob der andere noch was schreibtğŸ˜²",13,14,1
155,"2021-06-09 09:58:07.471698+00","deswegen weiss ich nicht ob den Server hat einfacht lang genommen, die Chats zu schickenğŸ˜¢",14,13,1
156,"2021-06-09 09:58:39.378098+00","Wie meinst du? hab ich nicht verstanden?ğŸ‘€",13,14,1
157,"2021-06-09 09:58:46.887698+00","oder der andere Person noch schreibt ğŸ‘€",14,13,1
158,"2021-06-09 09:59:35.763463+00","achso jağŸ‘€",13,14,1
159,"2021-06-09 09:59:51.839783+00","Bin gespannt wie das spÃ¤ter funktioniert mit 20 LeutenğŸ˜²",13,14,1
160,"2021-06-09 10:00:09.086429+00","oh noğŸ˜±",14,13,1
161,"2021-06-09 10:01:02.124442+00","Wird schon klappenğŸ‘€",13,14,1
162,"2021-06-09 10:01:07.447264+00","aber mindestens funktioniert die Szenario starten-button schonğŸ¥°",14,13,1
163,"2021-06-09 10:01:30.582858+00","Ja superğŸ¥°",13,14,1
164,"2021-06-09 10:01:36.537907+00","Szenario 1 beendet",13,14,1
165,"2021-06-09 10:01:42.736971+00","Beginne Szenario 10",13,14,10
166,"2021-06-09 10:02:10.827171+00","Siehst du auch, dass ich Szenario 1 beendet und Szenrio 10 gestartet habe?ğŸ‘€",13,14,10
167,"2021-06-09 10:02:33.078816+00","ja !ğŸ˜‚",14,13,10
168,"2021-06-09 10:02:52.335997+00","gut ğŸ˜‚",13,14,10
169,"2021-06-09 10:03:00.491171+00","hat auch bei dem Datenbank geÃ¤ndertğŸ‘€",14,13,10
170,"2021-06-09 10:03:13.237744+00","SuperğŸ˜‚",13,14,10
171,"2021-06-09 10:03:44.965779+00","also muss einer von beiden dass machen? Das gilt dann fÃ¼r beide oder?ğŸ‘€",13,14,10
172,"2021-06-09 10:04:12.905685+00","Kannst du auch mal beenden und ein neues starten? ğŸ˜‚ Dann kann ichs auch mal sehenğŸ¥°",13,14,10
173,"2021-06-09 10:04:54.781225+00","versuche ich mal, die Szenariozu beendenğŸ‘€ <- welche Emotion passt fÃ¼r diese Satz?",14,13,10
174,"2021-06-09 10:05:02.368911+00","Szenario 10 beendet",14,13,10
175,"2021-06-09 10:05:16.442003+00","beendetğŸ˜¢",14,13,0
176,"2021-06-09 10:05:34.765126+00","Glaube das ğŸ‘€ passt dazu",13,14,0
177,"2021-06-09 10:05:41.145534+00","hat geklapptğŸ˜‚",13,14,0
178,"2021-06-09 10:06:01.335183+00","Cool! ğŸ˜‚ Dann bis spÃ¤ter bei der PrÃ¤sentationğŸ‘€ğŸ˜‚",13,14,0
179,"2021-06-09 10:06:23.961691+00","Bis SpÃ¤terğŸ˜‚",14,13,0
180,"2021-06-09 11:38:21.882021+00","guten morgen, romy ğŸ¥°",14,15,0
181,"2021-06-09 11:38:58.33514+00","ich mag das colour coding wirklich gerne, passt gu und ist evtl. etwas Ã¼bersichtlicherğŸ˜‚",14,15,0
182,"2021-06-09 11:39:43.095484+00","Hey, danke fÃ¼r das colour coding, sieht gut und Ã¼bersichtlicher aus, das war eine gute idee ğŸ˜‚",13,15,0
183,"2021-06-09 13:03:30.165616+00","heğŸ‘€",13,16,0
184,"2021-06-09 14:06:52.684428+00","Heyy, sieht schÃ¶n aus oder? ğŸ¥°",15,13,0
185,"2021-06-09 14:08:48.403217+00","jup ğŸ¥°",13,15,0
186,"2021-06-09 14:21:32.003021+00","Beginne Szenario 1",14,15,1
187,"2021-06-09 14:21:34.673196+00","Szenario 1 beendet",14,15,1
188,"2021-06-09 14:26:56.383364+00","siehst du eigentlich, wenn ich ein Szenario beginne/ beende ?ğŸ‘€",14,15,0
189,"2021-06-09 14:43:09.240408+00","jağŸ‘€",15,14,0
190,"2021-06-09 14:43:18.905471+00","Finde ich auchğŸ¥°",15,14,0
191,"2021-06-09 14:45:28.114919+00","das ist ja cool, dass du das auch siehst  ğŸ˜²",14,15,0
192,"2021-06-09 14:48:51.929993+00","hÃ¤ğŸ‘€",16,13,0
193,"2021-06-09 14:49:29.265454+00","Hallo Dudu ğŸ‘€",17,13,0
194,"2021-06-09 14:50:06.129453+00","HalloğŸ‘€",21,22,0
195,"2021-06-09 14:50:43.361962+00","Beginne Szenario 1",25,23,1
196,"2021-06-09 14:50:48.740686+00","Beginne Szenario 5",13,17,5
197,"2021-06-09 14:50:52.998666+00","Szenario 1 beendet",25,23,1
198,"2021-06-09 14:51:20.023465+00","hallo sarah ğŸ˜‚",25,23,0
199,"2021-06-09 14:51:41.381705+00","Ich dachte dieser Messaging macht schon automatisch die Smileys ğŸ˜²",25,23,0
200,"2021-06-09 14:51:42.261548+00","Hi ğŸ˜‚",13,17,5
201,"2021-06-09 14:52:00.559625+00","Siehst du meine Messages? ğŸ‘€",25,23,0
202,"2021-06-09 14:52:03.399584+00","Beginne Szenario 5",21,22,5
203,"2021-06-09 14:52:10.914475+00","Hallo MatthiasğŸ¥°",30,23,0
204,"2021-06-09 14:52:12.049265+00","hallo ğŸ‘€",21,22,5
205,"2021-06-09 14:52:14.427659+00","Beginne Szenario 1",25,26,1
206,"2021-06-09 14:52:19.994194+00","Szenario 5 beendet",13,17,5
207,"2021-06-09 14:52:20.884306+00","Wie war dein Tag so?ğŸ‘€",30,23,0
208,"2021-06-09 14:52:34.391673+00","Hallo Helena ğŸ¥°",26,23,0
209,"2021-06-09 14:52:40.190202+00","Wie war dein Tag? ğŸ‘€",26,23,0
210,"2021-06-09 14:53:11.013465+00","ğŸ˜‚hi",22,21,0
211,"2021-06-09 14:53:17.185164+00","Beginne Szenario 1",17,15,1
212,"2021-06-09 14:53:19.175224+00","ich check natÃ¼rlich wieder gar nix ğŸ˜‚",22,21,0
213,"2021-06-09 14:53:24.549966+00","halloğŸ˜²",23,30,0
214,"2021-06-09 14:53:25.817717+00","ğŸ˜‚hi",28,21,0
215,"2021-06-09 14:53:28.716812+00","Hi!ğŸ¥°",19,20,0
216,"2021-06-09 14:53:28.729061+00","huhu dudu ğŸ˜‚",17,15,1
217,"2021-06-09 14:53:29.76629+00","Hallo Johanna ğŸ˜‚",21,28,0
218,"2021-06-09 14:53:29.854965+00","hi ğŸ˜¡",18,22,5
219,"2021-06-09 14:53:30.239614+00","Ja ğŸ˜‚",23,25,0
220,"2021-06-09 14:53:32.707241+00","alles superğŸ˜‚",23,30,0
221,"2021-06-09 14:53:33.229507+00","HalloğŸ˜‚",15,14,0
222,"2021-06-09 14:53:34.763278+00","halloğŸ˜‚",25,26,1
223,"2021-06-09 14:53:35.263993+00","Beginne Szenario 1",19,20,1
224,"2021-06-09 14:53:36.644164+00","Servus ğŸ˜‚",22,28,0
225,"2021-06-09 14:53:39.765436+00","Hallo!ğŸ¥°",19,20,1
226,"2021-06-09 14:53:43.502828+00","Hi ğŸ‘€",20,19,1
227,"2021-06-09 14:53:43.752725+00","halloğŸ˜±",25,30,0
228,"2021-06-09 14:53:44.52688+00","HalloğŸ¥°",13,14,0
229,"2021-06-09 14:53:46.963169+00","Hallo Daniel ğŸ˜‚",18,28,0
230,"2021-06-09 14:53:47.393034+00","Hallo!ğŸ¥°",29,20,1
231,"2021-06-09 14:53:50.885784+00","man kann es auch nur mit eemoji schicken oder? ğŸ¥°",23,25,0
232,"2021-06-09 14:53:51.820103+00","HalloğŸ˜‚",17,14,0
233,"2021-06-09 14:53:54.222612+00","halloğŸ‘€",26,30,0
234,"2021-06-09 14:53:55.655349+00","wir dÃ¼rfen hier keinen schmarrn schreiben, ich wette die loggen alles mit ğŸ‘€",21,22,5
235,"2021-06-09 14:54:02.182431+00","Hi MatthiasğŸ‘€",24,28,0
236,"2021-06-09 14:54:02.942234+00","Hey, du auch hierğŸ˜±",27,20,1
237,"2021-06-09 14:54:05.27905+00","Jah schon ğŸ˜¢",25,23,0
238,"2021-06-09 14:54:07.869189+00","halloğŸ˜‚",16,14,0
239,"2021-06-09 14:54:19.370864+00","Beginne Szenario 1",15,32,1
240,"2021-06-09 14:54:19.605925+00","Ich kÃ¶nnte kotzen ğŸ¤¢",25,23,0
241,"2021-06-09 14:54:19.850597+00","Wie war dein Tag heute so?ğŸ‘€",19,20,1
242,"2021-06-09 14:54:24.079455+00","ja safe ğŸ˜±",22,21,0
243,"2021-06-09 14:54:30.398283+00","Was geht?ğŸ‘€",17,14,0
244,"2021-06-09 14:54:35.17253+00","Gut und deiner ğŸ¥°",20,19,1
245,"2021-06-09 14:54:39.107981+00","Glaubst du sie lesen unsere Nachrichten? ğŸ˜±",25,23,0
246,"2021-06-09 14:54:39.781415+00","na, alles klar? ğŸ˜‚",28,21,0
247,"2021-06-09 14:54:41.608519+00","hmhh ğŸ¤¢",21,22,5
248,"2021-06-09 14:54:42.433463+00","ich bin traurig ğŸ˜¢",21,28,0
249,"2021-06-09 14:54:47.605783+00","und du? ğŸ‘€",21,28,0
250,"2021-06-09 14:54:48.068472+00","Meiner auch! Was hast du so gemacht?ğŸ‘€",19,20,1
251,"2021-06-09 14:54:49.0709+00","Sollen wir jetzt schon miteinander schreiben? ğŸ‘€",20,19,1
252,"2021-06-09 14:55:10.979325+00","ğŸ˜²",22,28,0
253,"2021-06-09 14:55:12.217381+00","huhu ğŸ˜‚",16,15,1
254,"2021-06-09 14:55:15.321946+00","ich lach die ganze Zeit so, weil dieser ğŸ˜‚ viel zu krass ist. Ich find, dass der eher so n LMFAO Smiley ist anstatt ""Joy""",22,21,0
255,"2021-06-09 14:55:16.341549+00","Wir chatten auch jetzt oder?ğŸ‘€",17,13,0
256,"2021-06-09 14:55:23.399428+00","huhu ğŸ˜‚",14,15,1
257,"2021-06-09 14:55:25.0492+00","Hi ğŸ˜‚",27,19,1
258,"2021-06-09 14:55:28.545925+00","Beginne Szenario 1",19,29,1
259,"2021-06-09 14:55:32.211407+00","Beginne Szenario 1",15,32,1
260,"2021-06-09 14:55:32.236223+00","Hallo ğŸ˜‚",13,17,0
261,"2021-06-09 14:55:32.750097+00","Hallo ğŸ¥°",29,19,1
262,"2021-06-09 14:55:34.174371+00","Beginne Szenario 1",15,14,1
263,"2021-06-09 14:55:34.803296+00","HeyğŸ˜‚",19,27,0
264,"2021-06-09 14:55:36.705088+00","HiğŸ˜‚",15,13,0
265,"2021-06-09 14:55:37.228611+00","Hi! ğŸ‘€",18,31,0
266,"2021-06-09 14:55:38.97891+00","Ja ğŸ˜‚",13,17,0
267,"2021-06-09 14:55:39.304094+00","Hi super und deiner? ğŸ˜‚",23,26,1
268,"2021-06-09 14:55:40.329059+00","Hast du viel fÃ¼r das PRaktikum gemacht? ğŸ˜‚",30,23,0
269,"2021-06-09 14:55:41.643021+00","halloğŸ˜±",17,16,0
270,"2021-06-09 14:55:42.250702+00","keine ahnungğŸ˜±",19,20,1
271,"2021-06-09 14:55:44.496748+00","was geht???ğŸ˜²",15,14,1
272,"2021-06-09 14:55:46.006688+00","whats upğŸ¥°",17,16,0
273,"2021-06-09 14:55:46.184259+00","ich bin mÃ¼de... ğŸ˜²",28,21,0
274,"2021-06-09 14:55:48.306802+00","Wie geht es dir? ğŸ˜‚",13,17,0
275,"2021-06-09 14:55:48.393193+00","mÃ¼ssen wir jetzt ein Szenario starten?ğŸ‘€",19,27,0
276,"2021-06-09 14:55:50.01654+00","ich glaube jetzt aberğŸ˜‚",19,20,1
277,"2021-06-09 14:55:50.592265+00","huhuğŸ‘€",15,14,1
278,"2021-06-09 14:55:53.311655+00","du bsit toll DanielğŸ˜‚",17,16,0
279,"2021-06-09 14:55:54.09538+00","Das ist definitiv mehr als joy ğŸ˜²",21,22,5
280,"2021-06-09 14:55:54.303408+00","dfgsdgsgğŸ˜²",15,14,1
281,"2021-06-09 14:55:56.763045+00","lÃ¤ufer gehen ğŸ˜‚",14,15,1
282,"2021-06-09 14:55:57.280165+00","Meiner war auch toll ğŸ˜‚",26,23,0
283,"2021-06-09 14:55:58.089955+00","fgsgsdgğŸ‘€",17,14,1
284,"2021-06-09 14:55:58.440021+00","Mir gehts gut soweit ğŸ˜‚",13,17,0
285,"2021-06-09 14:55:59.05016+00","ja ich denkeğŸ˜‚",23,25,0
286,"2021-06-09 14:55:59.491997+00","Hey wie lÃ¤ufts?ğŸ˜‚",20,27,0
287,"2021-06-09 14:56:00.067659+00","Ich hab keine Ahnung ğŸ˜‚",27,19,1
288,"2021-06-09 14:56:03.489309+00","Hi - ich bin versteh das mit den Szenarien noch nicht so, aber gut ğŸ‘€ğŸ˜‚",19,29,1
289,"2021-06-09 14:56:04.388682+00","Hi! ğŸ‘€",21,31,0
290,"2021-06-09 14:56:04.927688+00","ganz gut ğŸ˜¢",17,13,0
291,"2021-06-09 14:56:08.077446+00","bei mir regnets gerade wieder ğŸ˜¢",14,15,1
292,"2021-06-09 14:56:09.54628+00","die annika ist abhanden gekommen ğŸ˜¢",21,22,5
293,"2021-06-09 14:56:10.129894+00","yxcvyxcvyxcvğŸ˜±",15,14,1
294,"2021-06-09 14:56:11.121955+00","ohje ğŸ˜¢",21,28,0
295,"2021-06-09 14:56:13.101955+00","Obwohl ich bin schon in der 3. Zoom Meeting heute ğŸ¤¢",26,23,0
296,"2021-06-09 14:56:14.679565+00","Hi! ğŸ‘€",22,31,0
297,"2021-06-09 14:56:14.713593+00","Ich glaub das ist schon gestartet ğŸ‘€",27,19,1
298,"2021-06-09 14:56:15.731951+00","das Ã¼berrascht michğŸ˜²",21,28,0
299,"2021-06-09 14:56:15.899333+00","ğŸ¥° schau, wir denken gleich",22,21,0
300,"2021-06-09 14:56:17.265435+00","Ganz gut und bei dir?ğŸ‘€",27,20,1
301,"2021-06-09 14:56:17.47957+00","ooops falschğŸ˜±",17,13,0
302,"2021-06-09 14:56:19.752278+00","qwertzuiopÃ¼ ğŸ¤¢",14,15,1
303,"2021-06-09 14:56:19.847521+00","Wie ein wahnsinnigerğŸ˜±",23,30,0
304,"2021-06-09 14:56:19.935933+00","same sameğŸ˜‚",15,14,1
305,"2021-06-09 14:56:21.334755+00","was ist das zweite emoji das wird bei mir nicht angezeigtğŸ˜¡",23,25,0
306,"2021-06-09 14:56:22.354929+00","Hi! ğŸ‘€",24,31,0
307,"2021-06-09 14:56:23.191469+00","jÃ¶ljÃ¶jÃ¶ğŸ˜±",15,14,1
308,"2021-06-09 14:56:23.944525+00","die emojis sind einfach zu gut ğŸ˜‚",21,28,0
309,"2021-06-09 14:56:28.578903+00","Hi! ğŸ‘€",28,31,0
310,"2021-06-09 14:56:28.885453+00","Ja ich auch nichtğŸ˜‚",29,19,1
311,"2021-06-09 14:56:29.849611+00","HalloğŸ˜‚",26,25,0
312,"2021-06-09 14:56:29.890656+00","bin ein bisschen traurigğŸ˜¢",20,27,0
313,"2021-06-09 14:56:29.935469+00","also ich chatte mit ihr in einem anderen Chat ğŸ˜²",22,21,0
314,"2021-06-09 14:56:31.725939+00","Verdammt ğŸ˜‚",13,17,0
315,"2021-06-09 14:56:37.803298+00","Warum???ğŸ˜±",27,20,1
316,"2021-06-09 14:56:38.600752+00","Kotz Gesicht ğŸ¤¢",25,23,0
317,"2021-06-09 14:56:40.535827+00","ohje ğŸ‘€ bei dem wetter ğŸ˜±",23,26,1
318,"2021-06-09 14:56:42.437717+00","Ja ğŸ˜‚",20,19,1
319,"2021-06-09 14:56:47.20916+00","funktioniert gut zumindest ğŸ˜‚",17,15,1
320,"2021-06-09 14:56:48.063302+00","halloğŸ˜‚",30,25,0
321,"2021-06-09 14:56:52.334849+00","Szenario 1 beendet",20,29,1
322,"2021-06-09 14:56:53.24464+00","ğŸ‘€",25,26,1
323,"2021-06-09 14:56:56.639352+00","Wo ist denn die Johanna? Ich seh nur dich und die Juli ğŸ‘€",20,27,0
324,"2021-06-09 14:56:56.914019+00","Test? ğŸ‘€",15,32,1
325,"2021-06-09 14:56:57.667485+00","Ja ğŸ˜¢",26,23,0
326,"2021-06-09 14:57:00.229975+00","ğŸ˜‚ ja ich find v.a. der ist eher so LMFAO anstatt ""joy""",28,21,0
327,"2021-06-09 14:57:02.792341+00","Was hast du fÃ¼r dein Wochenende geplant?ğŸ‘€",19,20,1
328,"2021-06-09 14:57:02.954023+00","Bei mir wird nur ein daniel noch in der liste angezeigt ğŸ˜±",21,22,5
329,"2021-06-09 14:57:03.904277+00","Beginne Szenario 1",20,29,1
330,"2021-06-09 14:57:13.410355+00","siehst du das zweite emoji?ğŸ˜¢",26,25,0
331,"2021-06-09 14:57:16.157698+00","achsoğŸ˜²",19,27,0
332,"2021-06-09 14:57:19.206345+00","ja bisschen overkill fÃ¼r ""joy"" ğŸ˜‚",21,28,0
333,"2021-06-09 14:57:25.684182+00","ğŸ¥° vorher ist die ganze Zeit der Hund mit mir gechillt",28,21,0
334,"2021-06-09 14:57:26.826058+00","Heyhey ğŸ¥°",20,29,1
335,"2021-06-09 14:57:27.347395+00","ğŸ‘€ğŸ‘€ğŸ‘€ğŸ‘€ğŸ‘€ğŸ‘€",21,22,5
336,"2021-06-09 14:57:27.547313+00","nein ğŸ˜±",25,26,1
337,"2021-06-09 14:57:28.791638+00","Ich spiele ein Tennisturnier und besuche meine Eltern, du? ğŸ¥°",20,19,1
338,"2021-06-09 14:57:29.379171+00","qwertzuiopÃ¼ ğŸ˜±",13,15,1
339,"2021-06-09 14:57:30.927522+00","ne das ist das 6. bei mirğŸ¤¢",23,25,0
340,"2021-06-09 14:57:34.279858+00","awwww ğŸ¥°",21,28,0
341,"2021-06-09 14:57:40.178738+00","Hallo hallo? ğŸ‘€  :)",13,32,1
342,"2021-06-09 14:57:41.021526+00","ğŸ˜‚ğŸ¥°ğŸ˜±ğŸ˜²ğŸ˜¢ğŸ¤¢ğŸ˜¡ğŸ‘€ğŸ‘€ğŸ˜¡ğŸ¤¢ğŸ˜¢ğŸ˜²ğŸ˜±ğŸ¥°ğŸ˜‚",21,22,5
343,"2021-06-09 14:57:43.604185+00","ğŸ˜²",25,30,0
344,"2021-06-09 14:57:44.708147+00","Ich habe aktualisiert seitdem sehe ich sieğŸ¥°",27,20,1
345,"2021-06-09 14:57:44.914767+00","ich hab das irgendwie nicht gechecktğŸ˜¢",19,27,0
346,"2021-06-09 14:57:46.962937+00","bei mir Matthias und Marco, du und Annika ğŸ‘€",22,21,0
347,"2021-06-09 14:57:48.049075+00","wie geht's den Katzen? ğŸ‘€",21,28,0
348,"2021-06-09 14:57:48.050676+00","Ich wollte eigentlich mit einem Kumpel Tischtennis spielen gehen ğŸ¥° Aber leider hat er nur Zeit wÃ¤hrend diese Vorlesung ğŸ˜¢",26,23,0
349,"2021-06-09 14:57:48.919923+00","akzeptanz ğŸ¥° das seh ich nicht",23,25,0
350,"2021-06-09 14:57:49.92266+00","aber sie antwortet mir nichtğŸ˜¢",27,20,1
351,"2021-06-09 14:57:50.888469+00","ğŸ‘€",23,30,0
352,"2021-06-09 14:57:53.810489+00","Ja ich glaub wir sollten eh nur testen ob wir miteinander schreiben kÃ¶nnen ğŸ˜‚",27,19,1
353,"2021-06-09 14:57:54.458914+00","Haha ğŸ˜‚",30,23,0
354,"2021-06-09 14:57:59.813703+00","ğŸ‘€",30,25,0
355,"2021-06-09 14:58:01.798882+00","hÃ¤Ã¤Ã¤ was, da lÃ¤uft doch ordentlich was schief ğŸ¤¢",21,22,5
356,"2021-06-09 14:58:09.114135+00","ich auch nichtğŸ˜¢",26,25,0
357,"2021-06-09 14:58:09.970945+00","das geht mal gar nichtğŸ˜¡",20,27,0
358,"2021-06-09 14:58:15.197424+00","oh das klingt schÃ¶n!ğŸ¥°",19,20,1
359,"2021-06-09 14:58:18.647237+00","wadswadwadawdwawdwa ğŸ˜¢",14,15,1
360,"2021-06-09 14:58:19.602869+00","lol... zerstÃ¶r nicht deren Trainingsdaten mit den ganzen Smileys ğŸ˜¡ğŸ˜¡ğŸ˜±ğŸ˜‚",22,21,0
361,"2021-06-09 14:58:22.51981+00","Wie lange spielst du schon Tennis?ğŸ‘€",19,20,1
362,"2021-06-09 14:58:24.680826+00","Zum glÃ¼ck seht die Kamera nur oben drum ğŸ˜‚",30,23,0
363,"2021-06-09 14:58:27.072795+00","hoğŸ¤¢",13,16,0
364,"2021-06-09 14:58:27.66017+00","Hey Jojo, alles cool bei dir? ğŸ˜‚",29,27,0
365,"2021-06-09 14:58:28.259221+00","ğŸ˜²ğŸ˜¢ğŸ˜¢ğŸ˜¢ğŸ˜±",21,22,5
366,"2021-06-09 14:58:42.209175+00","Seit 10 Jahren oder so also schon recht lange ğŸ¥°",20,19,1
367,"2021-06-09 14:58:43.264655+00","gut ğŸ¥°",28,21,0
368,"2021-06-09 14:58:43.679767+00","Ich fahre auch nach Ingolstadt du meinen ElternğŸ¥°",19,20,1
369,"2021-06-09 14:58:44.976905+00","Hallo !ğŸ˜‚",32,13,0
370,"2021-06-09 14:58:46.906649+00","Wegen der Hitze bin ich nÃ¤mlich ohne Hose ğŸ˜‚",30,23,0
371,"2021-06-09 14:58:47.529539+00","aber die hat mich gestern Gebissen ğŸ˜¡",28,21,0
372,"2021-06-09 14:58:54.749773+00","oh schon sehr langeğŸ˜²",19,20,1
373,"2021-06-09 14:58:57.193953+00","wie blÃ¶d ğŸ˜¢ spielst du regelmÃ¤ÃŸig tennis? ğŸ¥°",23,26,1
374,"2021-06-09 14:59:02.351607+00","Hey Basri =) yes alles super und bei dir? ğŸ‘€",27,29,1
375,"2021-06-09 14:59:05.571182+00","tischtennis ğŸ˜‚",23,26,1
376,"2021-06-09 14:59:07.40426+00","hahağŸ˜‚",23,30,0
377,"2021-06-09 14:59:07.918832+00","ğŸ¥°ğŸ¥° sende dir Vertrauen",22,21,0
378,"2021-06-09 14:59:09.779606+00","darf man jetzt wieder ganz normal Turniere spielen?ğŸ‘€",19,20,1
379,"2021-06-09 14:59:11.150911+00","Ach soo dass ist ein Kopf mit Herzchen ğŸ¥°",25,23,0
380,"2021-06-09 14:59:18.03+00","ğŸ˜‚",30,23,0
381,"2021-06-09 14:59:18.255263+00","ah ok, es funktioniert :)ğŸ¥°",13,32,1
382,"2021-06-09 14:59:20.590037+00","Wie cool viel SpaÃŸ auf jeden Fall ğŸ¥°",20,19,1
383,"2021-06-09 14:59:25.6734+00","finde ich auchğŸ˜²",27,20,1
384,"2021-06-09 14:59:29.240433+00","oh das mag ich ğŸ˜‚",23,25,0
385,"2021-06-09 14:59:30.419634+00","Ich sende dir JOY ğŸ˜‚ğŸ˜‚",21,22,5
386,"2021-06-09 14:59:33.343283+00","Ja darf man zum GlÃ¼ck jetzt wieder ğŸ˜‚",20,19,1
387,"2021-06-09 14:59:34.267482+00","Passt alles? ğŸ˜‚",13,17,0
388,"2021-06-09 14:59:35.062573+00","ohaa ğŸ˜¡",21,28,0
389,"2021-06-09 14:59:38.194023+00","Wie war dein Tag heute?ğŸ‘€",29,20,1
390,"2021-06-09 14:59:39.279682+00","*BastiğŸ˜‚",27,29,1
391,"2021-06-09 14:59:40.581829+00","jetzt habe ich angst vor ihr ğŸ˜±",21,28,0
392,"2021-06-09 14:59:44.330485+00","habe bock auf ein BierğŸ¥°",23,30,0
393,"2021-06-09 14:59:45.78017+00","ğŸ˜‚",23,30,0
394,"2021-06-09 14:59:52.430109+00","danke, dir auch!!ğŸ¥°",19,20,1
395,"2021-06-09 14:59:53.740006+00","FÃ¤ngt ja gut an ğŸ˜‚",27,29,1
396,"2021-06-09 14:59:56.974571+00","schade man kann keine bilder senden ğŸ˜¢",21,22,5
397,"2021-06-09 15:00:00.451473+00","hahağŸ˜‚",29,27,0
398,"2021-06-09 15:00:01.397812+00","Schade dass die neue Nachrichten nicht beim Prototyp aufploppen ğŸ˜¢",30,23,0
399,"2021-06-09 15:00:02.099231+00","hmm Kinder Joy war doch auch mal so ne SÃ¼ÃŸigkeit ğŸ¥°",22,21,0
400,"2021-06-09 15:00:06.544054+00","und viel erfolg bei deinem turnierğŸ˜‚",19,20,1
401,"2021-06-09 15:00:12.823614+00","Boah Bier wÃ¤re jetzt geil ğŸ˜‚",30,23,0
402,"2021-06-09 15:00:13.223551+00","alles bestens ğŸ¥°",29,27,0
403,"2021-06-09 15:00:17.222538+00","hi ğŸ˜‚",31,21,0
404,"2021-06-09 15:00:28.992089+00","Danke ğŸ¥°",20,19,1
405,"2021-06-09 15:00:38.397015+00","Ja die sommer variante vom Ãœ-Ei ğŸ˜²",21,22,5
406,"2021-06-09 15:00:38.495407+00","sorry, dass wir dich ignoriert haben ğŸ˜¢",31,21,0
407,"2021-06-09 15:00:48.765679+00","Jah schon ğŸ¥°",26,23,0
408,"2021-06-09 15:00:51.801197+00","aber ich habe sonst so viel fÃ¼r die Uni zu tun ğŸ˜¢",26,23,0
409,"2021-06-09 15:00:51.815682+00","gibts immer noch ğŸ‘€",21,22,5
410,"2021-06-09 15:00:53.599662+00","ja voll gemein ğŸ˜¢",28,21,0
411,"2021-06-09 15:01:07.676207+00","Ganz okay - war in der FrÃ¼h im Training und sonst eig nur UniğŸ˜‚",20,29,1
412,"2021-06-09 15:01:14.661429+00","ğŸ¥° boa nice. Dann kauf ich mir gleich eins, wenn ich nach Hause komm am Sonntag haha",22,21,0
413,"2021-06-09 15:01:15.826087+00","ah, hab deine Nachricht auch nicht gleich gesehen ğŸ˜²",20,27,0
414,"2021-06-09 15:01:17.656373+00","Kein Problem, ich hab nur gedacht, dass mich keiner mag ğŸ˜±",21,31,0
415,"2021-06-09 15:01:24.313015+00","da gibts ja am Flughafen n Edeka ğŸ‘€",22,21,0
416,"2021-06-09 15:01:25.208592+00","Die Mittagspause hab ich an der Isar verbracht- das war toll ğŸ˜±",20,29,1
417,"2021-06-09 15:01:27.864717+00","hallo ğŸ˜‚",31,28,0
418,"2021-06-09 15:01:30.555793+00","GÃ–NNUNG ğŸ¥°",21,22,5
419,"2021-06-09 15:01:31.195958+00","Und wie war dein Tag? ğŸ‘€",20,29,1
420,"2021-06-09 15:01:31.834076+00","ja das ist so verwirrendğŸ˜²",27,20,1
421,"2021-06-09 15:01:33.268188+00","und Maxi King is auch so geil ğŸ¥°",22,21,0
422,"2021-06-09 15:01:33.944381+00","Haha jah aber woran das wohl liegen wÃ¼rde ğŸ‘€",25,23,0
423,"2021-06-09 15:01:35.870155+00","ğŸ˜‚ğŸ˜‚ğŸ˜‚ğŸ˜‚",19,29,1
424,"2021-06-09 15:01:38.403593+00","denke auch immer niemand antwortet mirğŸ˜¢",27,20,1
425,"2021-06-09 15:01:47.076953+00","Das hatte ich erst letztens weils im angebot war ğŸ¥°",21,22,5
426,"2021-06-09 15:01:50.920099+00","stimmt, haben sie ja gerade gesagt ğŸ˜‚",19,27,0
427,"2021-06-09 15:01:51.432987+00","Szenario 5 beendet",21,22,5
428,"2021-06-09 15:01:53.854835+00","du spielst volleyball oder?ğŸ‘€",29,20,1
429,"2021-06-09 15:01:56.302807+00","oh nein ğŸ˜¢",31,21,0
430,"2021-06-09 15:02:00.715131+00","wir mÃ¶gen dich alle ğŸ¥°",31,21,0
431,"2021-06-09 15:02:08.906+00","Oh das ist echt schÃ¶n dass du es an die Isar geschafft hastğŸ¥°",29,20,1
432,"2021-06-09 15:02:15.148914+00","das wirdert mich fast an ğŸ¤¢",21,28,0
433,"2021-06-09 15:02:15.409674+00","appleğŸ˜±",23,25,0
434,"2021-06-09 15:02:16.097572+00","Es war heute eh wieder so heiÃŸğŸ˜²",29,20,1
435,"2021-06-09 15:02:25.672921+00","oida nice! Manchmal gibts die ja im 4er Pack anstatt 3 ğŸ¥°ğŸ˜‚",22,21,0
436,"2021-06-09 15:02:27.132559+00","jetzt habe ich bald jeden einmal verwendet ğŸ˜²",21,28,0
437,"2021-06-09 15:02:41.399267+00","ğŸ¤¢ ja voll schlimm",28,21,0
438,"2021-06-09 15:02:47.871904+00","Ich hatte auch erst viele Unitreffen.. aber Mittags war ich noch mit einer freundin spazierenğŸ¥°",29,20,1
439,"2021-06-09 15:02:52.034213+00","ğŸ‘€freu mich schon auf Deutschland! Sonntag ist es so weit",28,21,0
440,"2021-06-09 15:02:54.639373+00","WAAS ğŸ˜± das hab ich bisher noch nicht gsehen ğŸ˜±",21,22,0
441,"2021-06-09 15:02:58.900725+00","test erfolgreich ğŸ˜‚",32,15,1
442,"2021-06-09 15:03:03.649643+00","Das reut mich zu hÃ¶ren - wie war dein tag denn so? ğŸ‘€",27,29,1
443,"2021-06-09 15:03:08.267714+00","ğŸ˜² oh niiice",21,28,0
444,"2021-06-09 15:03:17.36984+00","jo... hab lÃ¤ngere Zeit bei Kaufland in der KÃ¼hlabteilung gearbeitet ğŸ˜²",22,21,0
445,"2021-06-09 15:03:34.598609+00","dann kÃ¶nnen wir uns ja sogar mal als Gruppe treffen.. hier ist fast alles wieder auf ğŸ¥°ğŸ˜²",21,28,0
446,"2021-06-09 15:03:39.459+00","Du machst auch den Design Workshop 2 oder?ğŸ‘€",29,20,1
447,"2021-06-09 15:03:41.547765+00","Hahaha stimmt ğŸ˜‚",25,23,0
448,"2021-06-09 15:03:47.3017+00","so in real life meine ich ğŸ˜²",21,28,0
449,"2021-06-09 15:03:47.820503+00","Szenario 1 beendet",19,29,1
450,"2021-06-09 15:03:57.108908+00","GerneğŸ¥°",19,20,1
451,"2021-06-09 15:04:09.411291+00","Wie viele machen bei dem Turnier mit?ğŸ‘€",19,20,1
452,"2021-06-09 15:04:13.861421+00","akzeptanz ğŸ¥°",14,15,1
453,"2021-06-09 15:04:15.549506+00","Ja ich spiele Volleyball - du auch? ğŸ‘€",20,29,0
454,"2021-06-09 15:04:16.822453+00","Woah hast du die dann auch immer gratis mitbekommen??? ğŸ˜²",21,22,0
455,"2021-06-09 15:04:19.772263+00","yeah voll gern ğŸ¥°",28,21,0
456,"2021-06-09 15:04:27.451136+00","hmm das ist richtig, man muss immer refreshen beim einloggenğŸ‘€",17,13,0
457,"2021-06-09 15:04:38.577521+00","Oder bist du nicht in MÃ¼nchen dann? ğŸ‘€",21,28,0
458,"2021-06-09 15:04:39.132538+00","abgelaufene schon ğŸ˜‚",22,21,0
459,"2021-06-09 15:04:40.49759+00","Ja war toll - war mit nem Kollegen und wir haben ein bisschen frisbee gespielt - aber war echt verdammt warm ğŸ˜‚",20,29,0
460,"2021-06-09 15:04:41.836764+00","Du akzeptierst das Bier ğŸ˜‚",30,23,0
461,"2021-06-09 15:04:56.934787+00","ja die sind ja dann meistens eh nicht schlecht ğŸ‘€",21,22,0
462,"2021-06-09 15:04:56.952782+00","ğŸ¥°",23,30,0
463,"2021-06-09 15:04:57.717623+00","Ahh sehr gut - einmal am tag muss man schon mal raus ğŸ˜‚",20,29,0
464,"2021-06-09 15:04:59.897229+00","ich habe frÃ¼her zur Schulzeit lange im Verein gespielt, aber seitdem ich studiere leider nicht mehrğŸ˜¢",29,20,1
465,"2021-06-09 15:05:03.894003+00","Wo spielst du?ğŸ‘€",29,20,1
466,"2021-06-09 15:05:06.945459+00","emoji ist auch manchmal anders richtig hÃ¤ngt von browser abğŸ˜²",17,13,0
467,"2021-06-09 15:05:12.888859+00","ğŸ˜‚ğŸ˜‚ğŸ˜‚ğŸ˜‚ğŸ˜‚ğŸ˜‚ğŸ˜‚ğŸ˜‚ğŸ˜‚ğŸ˜‚ğŸ˜‚",30,23,0
468,"2021-06-09 15:05:21.289414+00","Ja genau - ich mach auch den DW2 - in welcher Gruppe bist du? ğŸ‘€",20,29,0
469,"2021-06-09 15:05:26.594692+00","ğŸ˜²ğŸ‘€ğŸ‘€ğŸ‘€ğŸ‘€ğŸ‘€ğŸ‘€ğŸ‘€ğŸ‘€ğŸ˜²",30,23,0
470,"2021-06-09 15:05:34.112945+00","ğŸ˜²ğŸ‘€ğŸ‘€ğŸ‘€ğŸ‘€ğŸ‘€ğŸ‘€ğŸ‘€ğŸ‘€ğŸ˜²",30,23,0
471,"2021-06-09 15:05:34.349598+00","du bist aber immer ziemlich schnell ğŸ˜‚",20,27,0
472,"2021-06-09 15:05:42.970687+00","ğŸ˜²ğŸ˜²ğŸ˜²ğŸ˜²ğŸ˜²ğŸ˜²ğŸ˜²ğŸ˜²ğŸ˜²ğŸ˜²",30,23,0
473,"2021-06-09 15:05:48.128623+00","ne eh nicht ğŸ˜‚",22,21,0
474,"2021-06-09 15:05:49.908262+00","ğŸ˜²ğŸ˜²ğŸ˜²ğŸ˜²ğŸ˜²ğŸ˜²ğŸ˜²ğŸ˜²ğŸ˜²ğŸ˜²ğŸ˜²",30,23,0
475,"2021-06-09 15:05:53.951976+00","Oh cool - ich spiele eigentlich immer im SÃ¼dpark - kannst ja gerne mal mitkommen, wenn du willst? ğŸ¥°",20,29,0
476,"2021-06-09 15:05:56.545601+00","das klingt schÃ¶nğŸ˜‚ Ist dann deine Arbeit nah der Isar?ğŸ‘€",29,20,1
477,"2021-06-09 15:05:57.046891+00","ğŸ˜²ğŸ˜²ğŸ˜²ğŸ˜²ğŸ˜²ğŸ˜²ğŸ˜²ğŸ˜²ğŸ˜²ğŸ˜²   ğŸ˜²",30,23,0
478,"2021-06-09 15:05:58.162325+00","vllt kÃ¶nnen wir anstatt Bilder benutzenğŸ‘€",17,13,0
479,"2021-06-09 15:06:03.250094+00","ach hier regnets schon wieder ğŸ˜¡",29,27,0
480,"2021-06-09 15:06:11.367156+00","hahaha hast du des kleine emoji oben im Browser gesehen hahahahahaha ğŸ˜‚ also oben neben ""emochat""",22,21,0
481,"2021-06-09 15:06:28.737756+00","ne in garching ğŸ˜‚ abr ich hab immer noch Homeoffice",20,29,0
482,"2021-06-09 15:06:31.348769+00","Ich wollte einen Bier aus Emojis machen ğŸ˜‚",30,23,0
483,"2021-06-09 15:06:31.892306+00","doch! also bei meinen Eltern erst mal und dann MÃ¼nchen wieder ğŸ¥°",28,21,0
484,"2021-06-09 15:06:37.0838+00","ohja ich komme gerne mit zum VolleyballspielenğŸ¥°",29,20,1
485,"2021-06-09 15:06:45.343782+00","okay nice ğŸ˜‚",21,28,0
486,"2021-06-09 15:06:48.404062+00","Bin auch traurig dass ich es nur noch so selten schaffe zu spielenğŸ˜¢",29,20,1
487,"2021-06-09 15:06:50.360294+00","Och nÃ¶ - das ist ja Ã¤rgerlich ğŸ˜¢",27,29,0
488,"2021-06-09 15:07:05.814833+00","der passt einfach nicht zu freude ğŸ˜‚ also nur zu freude aus Belustigung ğŸ˜‚",21,28,0
489,"2021-06-09 15:07:06.591574+00","Hier war wieder richtig schÃ¶n - evtl gewittert es jetzt am Abend ğŸ˜±",27,29,0
490,"2021-06-09 15:07:21.962304+00","in DW2 bin ich in der gruppe6, wir machen den flughafenroboterğŸ˜‚",29,20,1
491,"2021-06-09 15:07:28.350622+00","und du?ğŸ‘€",29,20,1
492,"2021-06-09 15:07:33.734027+00","Wir sind eine 4er Mannschaft und spielen gegen 4 andere ğŸ¥°",20,19,1
493,"2021-06-09 15:07:41.69235+00","ja genau ğŸ˜‚",28,21,0
494,"2021-06-09 15:07:56.048276+00","ich wÃ¼rd eher den ğŸ¥° nehmen, um vollkommene happiness auszudrÃ¼cken",28,21,0
495,"2021-06-09 15:08:05.054943+00","achso ok, ich dachte weil du von dem Kollegen gesprochen hastğŸ˜±",29,20,1
496,"2021-06-09 15:08:17.634504+00","ja das wÃ¼rde es gut treffen ğŸ‘€",21,28,0
497,"2021-06-09 15:08:19.585138+00","Cool, also wenn das Wetter hÃ¤lt, dann gehen wir morgen Abend wieder, aber ich kann dir gerne einfach immer Bescheid geben, oder dich mal in unsere gruppe einladen, dann bekommst dus immer mit wenn wir spielen =)ğŸ¥°",20,29,0
498,"2021-06-09 15:08:20.433761+00","aber voll schÃ¶n dass ihr euch trotz home office in der mittagspause trifftğŸ¥°",29,20,1
499,"2021-06-09 15:08:31.318519+00","oh, bei euch auch? ğŸ˜²",29,27,0
500,"2021-06-09 15:08:32.602243+00","ich verwende die augen auch persÃ¶nlich einfach nie ğŸ˜²",21,28,0
501,"2021-06-09 15:08:32.655674+00","Jaaa super gerneğŸ¥°",29,20,1
502,"2021-06-09 15:08:42.265746+00","Morgen abend kann ich nur wahrscheinlich nichtğŸ˜¢",29,20,1
503,"2021-06-09 15:08:43.042692+00","ja habs gesehen ğŸ‘€",21,22,0
504,"2021-06-09 15:08:47.654159+00","Ich bin in Gruppe 5 - wir machen auch den Flughafenroboter, der so aussieht wie ein Schwan ğŸ˜‚",20,29,0
505,"2021-06-09 15:08:51.223137+00","aber bin sehr gerne das nÃ¤chste mal dabeiğŸ˜‚",29,20,1
506,"2021-06-09 15:08:53.138245+00","von wegen die loggen nicht mit, SAFE! ğŸ¤¢",21,22,0
507,"2021-06-09 15:09:15.159706+00","aaah ja ich erinnere ich an euchğŸ‘€",29,20,1
508,"2021-06-09 15:09:24.282369+00","Ja finde ich auch schÃ¶n dass das klappt ğŸ¥°",20,29,0
509,"2021-06-09 15:09:34.734253+00","ğŸ¤¢ eure LÃ¼gen ekeln mich an",22,21,0
510,"2021-06-09 15:09:39.240641+00","Wie lÃ¤uft eure Planung fÃ¼r den Filmdreh?ğŸ‘€",29,20,1
511,"2021-06-09 15:09:39.330744+00","Okay, dann sag ich dir das nÃ¤chste Mal einfach mal Bescheid ğŸ¥°",20,29,0
512,"2021-06-09 15:09:44.089509+00","Szenario 1 beendet",15,32,1
513,"2021-06-09 15:09:57.298085+00","ich auch nicht :DğŸ˜²",28,21,0
514,"2021-06-09 15:10:11.85104+00","ach cool dass ihr in Mannschaften spieltğŸ¥°",19,20,1
515,"2021-06-09 15:10:21.114185+00","oha.. next level.. emoji-Verwendung ohne Emoji-Verwendung ğŸ˜²ğŸ˜‚",21,28,0
516,"2021-06-09 15:10:21.855317+00","gewinnt ihr dann auch im Team oder Einzeln?ğŸ‘€",19,20,1
517,"2021-06-09 15:10:25.641166+00","Angewidert bin ich von dem ganzen hier ğŸ˜¡",21,22,0
518,"2021-06-09 15:10:40.619783+00","jetzt hab ich aber lange gebrauchtğŸ˜²",27,20,1
519,"2021-06-09 15:10:46.788769+00","tut mir leidğŸ˜¢",27,20,1
520,"2021-06-09 15:10:47.769475+00","haha ğŸ˜‚ ja, da passt einfach nichts so wirklich, was ich sagen will",28,21,0
521,"2021-06-09 15:10:55.17284+00","ich glaube jetzt ist es eh schon vorbeiğŸ˜¢",27,20,1
522,"2021-06-09 15:10:55.206851+00","ğŸ˜‚ğŸ˜¡ğŸ‘€",22,21,0
523,"2021-06-09 15:11:00.989798+00","ja geht mir genauso haha ğŸ˜‚",21,28,0
524,"2021-06-09 15:11:03.323264+00","ğŸ˜¡ğŸ˜¡ğŸ˜¡ğŸ˜¡ğŸ˜¡ğŸ˜¡ğŸ˜¡ğŸ˜¡ğŸ˜¡ğŸ˜¡ğŸ˜¡ğŸ˜¡",21,22,0
525,"2021-06-09 15:11:05.038491+00","Sehr gerne dankeğŸ¥°",29,20,1
526,"2021-06-09 15:11:05.839221+00","Uff da das nicht meine Aufgabe ist - ich mache das Storyboard - weiÃŸ ich das nicht, aber wir filmen wahrscheinlich die Szenen und sezten die dann einfach vor nem Flughafenhintergrund, oder ich lass mich breitschlagen zum Flughafen zu fahren und was zu filmen...wie macht ihr das? ğŸ‘€",20,29,0
527,"2021-06-09 15:11:12.559036+00","Szenario 1 beendet",14,15,1
528,"2021-06-09 15:11:17.084931+00","Es spielt jeder gegen eine Person aus dem gegnerischen Team und danach werden 2 Doppel gespielt. Und am Ende gibt es eine Punktewertung fÃ¼r das gesamte Team. ğŸ˜‚",20,19,1
529,"2021-06-09 15:11:20.321889+00","ğŸ˜‚ den hier will ich immer verwenden, sehe dann die Legende und denke dann, dass er nicht passt",21,28,0
530,"2021-06-09 15:11:29.40081+00","ahhahahahğŸ˜±",15,14,0
531,"2021-06-09 15:11:33.084266+00","wir nehmen wahrscheinlich nur ein Standbild vom Flughafen und packen unseren Roboter davorğŸ˜‚",29,20,1
532,"2021-06-09 15:11:41.768934+00","Ja noch nicht - also ich wills nicht verschreien ğŸ˜±",27,29,0
533,"2021-06-09 15:11:49.657735+00","aber steht auch noch nicht alles 100%ig festğŸ˜±",29,20,1
534,"2021-06-09 15:12:00.688937+00","ja voll ğŸ˜‚ da brÃ¤uchte man eher einen, der nicht lacht, sondern eher lÃ¤cheln",28,21,0
535,"2021-06-09 15:12:04.395473+00","Ich will noch trocken zum geburtstag kommenğŸ˜±",27,29,0
536,"2021-06-09 15:12:22.805788+00","ja fÃ¼hle mich verstanden ğŸ¥° jetzt passt der mal :D",21,28,0
537,"2021-06-09 15:12:32.700499+00","ja anders ist das momentan auch irgendwie am sinnvollsten ğŸ˜‚",20,29,0
538,"2021-06-09 15:12:39.38322+00","ğŸ‘€ bin gespannt auf nÃ¤chste Woche lol",22,21,0
539,"2021-06-09 15:12:45.567486+00","diese Szenarien ğŸ˜²",22,21,0
540,"2021-06-09 15:12:59.148624+00","*nicht ğŸ‘€",20,29,0
